source,url,status,type
https://www.stage.boost.org/accounts/github/login/?process=login,https://www.stage.boost.org/password_reset,404,site
https://www.stage.boost.org/accounts/github/login/?process=login,https://www.stage.boost.org/join?return_to=%2Flogin%2Foauth%2Fauthorize%3Fclient_id%3DOv23li8QwfSPzJhQa6oP%26redirect_uri%3Dhttps%253A%252F%252Fwww.stage.boost.org%252Faccounts%252Fgithub%252Flogin%252Fcallback%252F%26response_type%3Dcode%26scope%3Duser%253Aemail%26state%3DyccSddOZDVs7Rf0H&source=oauth,404,site
https://www.stage.boost.org/accounts/signup/,https://www.stage.boost.org/accounts/signup/terms-of-use,404,site
https://www.stage.boost.org/libraries/develop/list/,https://www.stage.boost.org/libraries/develop/categorized/,503,site
https://www.stage.boost.org/libraries/develop/list/,https://www.stage.boost.org/library/develop/accumulators/,503,site
https://www.stage.boost.org/libraries/develop/list/,https://www.stage.boost.org/doc/libs/develop/libs/accumulators/index.html,503,doc
https://www.stage.boost.org/library/develop/callable_traits/,https://www.stage.boost.org/library/develop/callable_traits/LICENSE.md,404,site
https://www.stage.boost.org/library/master/callable_traits/,https://www.stage.boost.org/library/master/callable_traits/LICENSE.md,404,site
https://www.stage.boost.org/library/latest/callable_traits/,https://www.stage.boost.org/library/latest/callable_traits/LICENSE.md,404,site
https://www.stage.boost.org/library/develop/beast/,https://www.stage.boost.org/library/develop/beast/CHANGELOG.md,404,site
https://www.stage.boost.org/library/develop/beast/,https://www.stage.boost.org/library/develop/beast/tools/user-config.jam,404,site
https://www.stage.boost.org/library/develop/beast/,https://www.stage.boost.org/library/develop/beast/LICENSE_1_0.txt,404,site
https://www.stage.boost.org/library/master/beast/,https://www.stage.boost.org/library/master/beast/CHANGELOG.md,404,site
https://www.stage.boost.org/library/master/beast/,https://www.stage.boost.org/library/master/beast/tools/user-config.jam,404,site
https://www.stage.boost.org/library/master/beast/,https://www.stage.boost.org/library/master/beast/LICENSE_1_0.txt,404,site
https://www.stage.boost.org/library/develop/static_string/,https://www.stage.boost.org/library/develop/static_string/LICENSE_1_0.txt,404,site
https://www.stage.boost.org/library/master/static_string/,https://www.stage.boost.org/library/master/static_string/LICENSE_1_0.txt,404,site
https://www.stage.boost.org/libraries/develop/list/system/,https://www.stage.boost.org/libraries/develop/grid/system/,503,site
https://www.stage.boost.org/libraries/develop/list/system/,https://www.stage.boost.org/libraries/master/list/system/,503,site
https://www.stage.boost.org/libraries/develop/list/system/,https://www.stage.boost.org/libraries/latest/list/system/,503,site
https://www.stage.boost.org/libraries/develop/list/system/,https://www.stage.boost.org/doc/libs/develop/libs/chrono/index.html,503,doc
https://www.stage.boost.org/library/develop/context/,https://www.stage.boost.org/library/master/context/,503,site
https://www.stage.boost.org/library/latest/ptr_container/,https://www.stage.boost.org/doc/libs/latest/libs/ptr_container/index.html,503,doc
https://www.stage.boost.org/library/latest/poly_collection/,https://www.stage.boost.org/library/master/poly_collection/,503,site
https://www.stage.boost.org/library/develop/poly_collection/,https://www.stage.boost.org/doc/libs/develop/libs/poly_collection/index.html,503,doc
https://www.stage.boost.org/library/master/serialization/,https://www.stage.boost.org/doc/libs/master/libs/serialization/index.html,503,doc
https://www.stage.boost.org/library/latest/serialization/,https://www.stage.boost.org/doc/libs/latest/libs/serialization/index.html,503,doc
https://www.stage.boost.org/library/latest/serialization/,https://www.stage.boost.org/library/latest/variant/,503,site
https://www.stage.boost.org/library/develop/test/,https://www.stage.boost.org/library/develop/test/CONTRIBUTE.md,404,site
https://www.stage.boost.org/library/master/test/,https://www.stage.boost.org/library/master/test/CONTRIBUTE.md,404,site
https://www.stage.boost.org/library/latest/test/,https://www.stage.boost.org/library/latest/test/CONTRIBUTE.md,404,site
https://www.stage.boost.org/library/develop/hof/,https://www.stage.boost.org/library/develop/hof/BOOST_HOF_STATIC_FUNCTION,404,site
https://www.stage.boost.org/library/develop/hof/,https://www.stage.boost.org/library/develop/hof/BOOST_HOF_STATIC_LAMBDA_FUNCTION,404,site
https://www.stage.boost.org/library/master/hof/,https://www.stage.boost.org/library/master/hof/BOOST_HOF_STATIC_FUNCTION,404,site
https://www.stage.boost.org/library/master/hof/,https://www.stage.boost.org/library/master/hof/BOOST_HOF_STATIC_LAMBDA_FUNCTION,404,site
https://www.stage.boost.org/library/latest/hof/,https://www.stage.boost.org/library/latest/hof/BOOST_HOF_STATIC_FUNCTION,404,site
https://www.stage.boost.org/library/latest/hof/,https://www.stage.boost.org/library/latest/hof/BOOST_HOF_STATIC_LAMBDA_FUNCTION,404,site
https://www.stage.boost.org/library/develop/lambda2/,https://www.stage.boost.org/library/develop/lambda2/include/boost/lambda2/lambda2.hpp,404,site
https://www.stage.boost.org/library/master/lambda2/,https://www.stage.boost.org/library/master/lambda2/include/boost/lambda2/lambda2.hpp,404,site
https://www.stage.boost.org/library/latest/lambda2/,https://www.stage.boost.org/library/latest/lambda2/include/boost/lambda2/lambda2.hpp,404,site
https://www.stage.boost.org/library/develop/stl_interfaces/,https://www.stage.boost.org/library/develop/stl_interfaces/LICENSE_1_0.txt,404,site
https://www.stage.boost.org/library/master/stl_interfaces/,https://www.stage.boost.org/library/master/stl_interfaces/LICENSE_1_0.txt,404,site
https://www.stage.boost.org/library/latest/stl_interfaces/,https://www.stage.boost.org/library/latest/stl_interfaces/LICENSE_1_0.txt,404,site
https://www.stage.boost.org/library/develop/yap/,https://www.stage.boost.org/library/develop/yap/LICENSE_1_0.txt,404,site
https://www.stage.boost.org/library/master/yap/,https://www.stage.boost.org/library/master/yap/LICENSE_1_0.txt,404,site
https://www.stage.boost.org/library/develop/hana/,https://www.stage.boost.org/library/develop/hana/hana.sublime-project,404,site
https://www.stage.boost.org/library/develop/hana/,https://www.stage.boost.org/library/develop/hana/benchmark,404,site
https://www.stage.boost.org/library/develop/hana/,https://www.stage.boost.org/library/develop/hana/cmake,404,site
https://www.stage.boost.org/library/develop/hana/,https://www.stage.boost.org/library/develop/hana/doc,404,site
https://www.stage.boost.org/library/develop/hana/,https://www.stage.boost.org/library/develop/hana/example,404,site
https://www.stage.boost.org/library/develop/hana/,https://www.stage.boost.org/library/develop/hana/include,404,site
https://www.stage.boost.org/library/develop/hana/,https://www.stage.boost.org/library/develop/hana/test,404,site
https://www.stage.boost.org/library/develop/hana/,https://www.stage.boost.org/library/develop/hana/CONTRIBUTING.md,404,site
https://www.stage.boost.org/library/develop/hana/,https://www.stage.boost.org/library/develop/hana/LICENSE.md,404,site
https://www.stage.boost.org/library/master/hana/,https://www.stage.boost.org/library/master/hana/hana.sublime-project,404,site
https://www.stage.boost.org/library/master/hana/,https://www.stage.boost.org/library/master/hana/benchmark,404,site
https://www.stage.boost.org/library/master/hana/,https://www.stage.boost.org/library/master/hana/cmake,404,site
https://www.stage.boost.org/library/master/hana/,https://www.stage.boost.org/library/master/hana/doc,404,site
https://www.stage.boost.org/library/master/hana/,https://www.stage.boost.org/library/master/hana/example,404,site
https://www.stage.boost.org/library/master/hana/,https://www.stage.boost.org/library/master/hana/include,404,site
https://www.stage.boost.org/library/master/hana/,https://www.stage.boost.org/library/master/hana/test,404,site
https://www.stage.boost.org/library/master/hana/,https://www.stage.boost.org/library/master/hana/CONTRIBUTING.md,404,site
https://www.stage.boost.org/library/master/hana/,https://www.stage.boost.org/library/master/hana/LICENSE.md,404,site
https://www.stage.boost.org/library/latest/hana/,https://www.stage.boost.org/library/latest/hana/hana.sublime-project,404,site
https://www.stage.boost.org/library/latest/hana/,https://www.stage.boost.org/library/latest/hana/benchmark,404,site
https://www.stage.boost.org/library/latest/hana/,https://www.stage.boost.org/library/latest/hana/cmake,404,site
https://www.stage.boost.org/library/latest/hana/,https://www.stage.boost.org/library/latest/hana/doc,404,site
https://www.stage.boost.org/library/latest/hana/,https://www.stage.boost.org/library/latest/hana/example,404,site
https://www.stage.boost.org/library/latest/hana/,https://www.stage.boost.org/library/latest/hana/include,404,site
https://www.stage.boost.org/library/latest/hana/,https://www.stage.boost.org/library/latest/hana/test,404,site
https://www.stage.boost.org/library/latest/hana/,https://www.stage.boost.org/library/latest/hana/CONTRIBUTING.md,404,site
https://www.stage.boost.org/library/latest/hana/,https://www.stage.boost.org/library/latest/hana/LICENSE.md,404,site
https://www.stage.boost.org/library/latest/yap/,https://www.stage.boost.org/library/latest/yap/LICENSE_1_0.txt,503,site
https://www.stage.boost.org/library/latest/program_options/,https://www.stage.boost.org/doc/libs/latest/libs/program_options/index.html,503,doc
https://www.stage.boost.org/library/develop/numericublas/,https://www.stage.boost.org/doc/libs/develop/libs/numeric/ublas/index.html,404,doc
https://www.stage.boost.org/library/master/numericinterval/,https://www.stage.boost.org/library/develop/numericinterval/,503,site
https://www.stage.boost.org/library/develop/parser/,https://www.stage.boost.org/library/develop/parser/LICENSE_1_0.txt,404,site
https://www.stage.boost.org/library/master/parser/,https://www.stage.boost.org/library/master/parser/LICENSE_1_0.txt,404,site
https://www.stage.boost.org/library/latest/parser/,https://www.stage.boost.org/library/latest/parser/LICENSE_1_0.txt,404,site
https://www.stage.boost.org/library/latest/static_string/,https://www.stage.boost.org/library/latest/static_string/LICENSE_1_0.txt,404,site
https://www.stage.boost.org/library/latest/beast/,https://www.stage.boost.org/library/latest/beast/CHANGELOG.md,404,site
https://www.stage.boost.org/library/latest/beast/,https://www.stage.boost.org/library/latest/beast/tools/user-config.jam,404,site
https://www.stage.boost.org/library/latest/beast/,https://www.stage.boost.org/library/latest/beast/LICENSE_1_0.txt,404,site
https://www.stage.boost.org/library/latest/gil/,https://www.stage.boost.org/library/latest/gil/RELEASES.md,404,site
https://www.stage.boost.org/library/latest/gil/,https://www.stage.boost.org/library/latest/gil/CONTRIBUTING.md,404,site
https://www.stage.boost.org/library/latest/gil/,https://www.stage.boost.org/library/latest/gil/example/README.md,404,site
https://www.stage.boost.org/library/latest/gil/,https://www.stage.boost.org/library/latest/gil/example/b2/README.md,404,site
https://www.stage.boost.org/library/latest/gil/,https://www.stage.boost.org/library/latest/gil/example/cmake/README.md,404,site
https://www.stage.boost.org/library/master/gil/,https://www.stage.boost.org/library/master/gil/RELEASES.md,404,site
https://www.stage.boost.org/library/master/gil/,https://www.stage.boost.org/library/master/gil/CONTRIBUTING.md,404,site
https://www.stage.boost.org/library/master/gil/,https://www.stage.boost.org/library/master/gil/example/README.md,404,site
https://www.stage.boost.org/library/master/gil/,https://www.stage.boost.org/library/master/gil/example/b2/README.md,404,site
https://www.stage.boost.org/library/master/gil/,https://www.stage.boost.org/library/master/gil/example/cmake/README.md,404,site
https://www.stage.boost.org/library/develop/gil/,https://www.stage.boost.org/library/develop/gil/RELEASES.md,404,site
https://www.stage.boost.org/library/develop/gil/,https://www.stage.boost.org/library/develop/gil/CONTRIBUTING.md,404,site
https://www.stage.boost.org/library/develop/gil/,https://www.stage.boost.org/library/develop/gil/example/README.md,404,site
https://www.stage.boost.org/library/develop/gil/,https://www.stage.boost.org/library/develop/gil/example/b2/README.md,404,site
https://www.stage.boost.org/library/develop/gil/,https://www.stage.boost.org/library/develop/gil/example/cmake/README.md,404,site
https://www.stage.boost.org/community/,https://www.stage.boost.org/doc/user-guide/discussion-policy.html,503,site
https://www.stage.boost.org/docs/,https://www.stage.boost.org/doc/user-guide/intro.html,503,site
